"Date","Price","Open","High","Low","Vol.","Change %"
"12/14/2023","101.00","101.00","101.00","101.00","","0.50%"
"12/13/2023","100.50","100.50","100.50","100.50","","-0.99%"
"12/12/2023","101.50","101.50","101.50","101.50","","-5.58%"
"12/11/2023","107.50","107.50","107.50","107.50","","-0.46%"
"12/08/2023","108.00","108.00","108.00","108.00","","-0.46%"
"12/07/2023","108.50","108.50","108.50","108.50","","0.70%"
"12/06/2023","107.75","107.75","107.75","107.75","","1.89%"
"12/05/2023","105.75","105.75","105.75","105.75","","-0.70%"
"12/04/2023","106.50","106.50","106.50","106.50","","-2.61%"
"12/01/2023","109.35","109.35","109.35","109.35","","0.32%"
"11/30/2023","109.00","109.00","109.00","109.00","","0.60%"
"11/29/2023","108.35","108.35","108.35","108.35","","-0.91%"
"11/28/2023","109.35","109.35","109.35","109.35","","-2.15%"
"11/27/2023","111.75","111.75","111.75","111.75","","-2.71%"
"11/24/2023","114.86","114.86","114.86","114.86","","0.98%"
"11/22/2023","113.75","113.75","113.75","113.75","","0.22%"
"11/21/2023","113.50","113.50","113.50","113.50","","0.00%"
"11/20/2023","113.50","113.50","113.50","113.50","","0.22%"
"11/17/2023","113.25","113.25","113.25","113.25","","-0.22%"
"11/16/2023","113.50","113.50","113.50","113.50","","0.22%"
"11/15/2023","113.25","113.25","113.25","113.25","","-0.66%"
"11/14/2023","114.00","114.00","114.00","114.00","","-1.08%"
"11/13/2023","115.25","115.25","115.25","115.25","","-0.22%"
"11/10/2023","115.50","115.50","115.50","115.50","","-1.49%"
"11/09/2023","117.25","117.25","117.25","117.25","","1.96%"
"11/08/2023","115.00","115.00","115.00","115.00","","1.10%"
"11/07/2023","113.75","113.75","113.75","113.75","","-0.66%"
"11/06/2023","114.50","114.50","114.50","114.50","","-4.38%"
"11/03/2023","119.75","119.75","119.75","119.75","","0.21%"
"11/02/2023","119.50","119.50","119.50","119.50","","-1.36%"
"11/01/2023","121.15","121.15","121.15","121.15","","-0.08%"
"10/31/2023","121.25","121.25","121.25","121.25","","-2.81%"
"10/30/2023","124.75","124.75","124.75","124.75","","-4.02%"
"10/27/2023","129.97","129.97","129.97","129.97","","-0.02%"
"10/26/2023","130.00","130.00","130.00","130.00","","0.00%"
"10/25/2023","130.00","130.00","130.00","130.00","","0.19%"
"10/24/2023","129.75","129.75","129.75","129.75","","-0.08%"
"10/23/2023","129.85","129.85","129.85","129.85","","-1.25%"
"10/20/2023","131.50","131.50","131.50","131.50","","0.19%"
"10/19/2023","131.25","131.25","131.25","131.25","","-0.38%"
"10/18/2023","131.75","131.75","131.75","131.75","","-0.19%"
"10/17/2023","132.00","132.00","132.00","132.00","","-1.23%"
"10/16/2023","133.65","133.65","133.65","133.65","","-0.37%"
"10/13/2023","134.15","134.15","134.15","134.15","","2.02%"
"10/12/2023","131.50","131.50","131.50","131.50","","1.15%"
"10/11/2023","130.00","130.00","130.00","130.00","","1.17%"
"10/10/2023","128.50","128.50","128.50","128.50","","1.78%"
"10/09/2023","126.25","126.25","126.25","126.25","","2.52%"
"10/06/2023","123.15","123.15","123.15","123.15","","1.36%"
"10/05/2023","121.50","121.50","121.50","121.50","","-0.41%"
"10/04/2023","122.00","122.00","122.00","122.00","","-0.81%"
"10/03/2023","123.00","123.00","123.00","123.00","","-0.93%"
"10/02/2023","124.15","124.15","124.15","124.15","","0.80%"
"09/29/2023","123.17","123.17","123.17","123.17","","1.88%"
"09/28/2023","120.90","120.90","120.90","120.90","","0.25%"
"09/27/2023","120.60","120.60","120.60","120.60","","0.00%"
"09/26/2023","120.60","120.60","120.60","120.60","","0.00%"
"09/25/2023","120.60","120.60","120.60","120.60","","0.00%"
"09/22/2023","120.60","120.60","120.60","120.60","","-0.21%"
"09/21/2023","120.85","120.85","120.85","120.85","","-0.04%"
"09/20/2023","120.90","120.90","120.90","120.90","","0.00%"
"09/19/2023","120.90","120.90","120.90","120.90","","1.09%"
"09/18/2023","119.60","119.60","119.60","119.60","","0.00%"
"09/15/2023","119.60","119.60","119.60","119.60","","0.00%"
"09/14/2023","119.60","119.60","119.60","119.60","","1.36%"
"09/13/2023","118.00","118.00","118.00","118.00","","1.86%"
"09/12/2023","115.85","115.85","115.85","115.85","","0.43%"
"09/11/2023","115.35","115.35","115.35","115.35","","1.50%"
"09/08/2023","113.65","113.65","113.65","113.65","","0.13%"
"09/07/2023","113.50","113.50","113.50","113.50","","0.13%"
"09/06/2023","113.35","113.35","113.35","113.35","","-0.57%"
"09/05/2023","114.00","114.00","114.00","114.00","","-0.57%"
"09/01/2023","114.65","114.65","114.65","114.65","","-0.30%"
"08/31/2023","115.00","115.00","115.00","115.00","","-1.29%"
"08/30/2023","116.50","116.50","116.50","116.50","","-1.69%"
"08/29/2023","118.50","118.50","118.50","118.50","","-0.42%"
"08/28/2023","119.00","119.00","119.00","119.00","","5.19%"
"08/25/2023","113.13","113.13","113.13","113.13","","1.33%"
"08/24/2023","111.65","111.65","111.65","111.65","","0.00%"
"08/23/2023","111.65","111.65","111.65","111.65","","-0.67%"
"08/22/2023","112.40","112.40","112.40","112.40","","0.27%"
"08/21/2023","112.10","112.10","112.10","112.10","","1.45%"
"08/18/2023","110.50","110.50","110.50","110.50","","-0.45%"
"08/17/2023","111.00","111.00","111.00","111.00","","0.77%"
"08/16/2023","110.15","110.15","110.15","110.15","","0.27%"
"08/15/2023","109.85","109.85","109.85","109.85","","0.46%"
"08/14/2023","109.35","109.35","109.35","109.35","","0.00%"
"08/11/2023","109.35","109.35","109.35","109.35","","0.78%"
"08/10/2023","108.50","108.50","108.50","108.50","","-0.78%"
"08/09/2023","109.35","109.35","109.35","109.35","","1.86%"
"08/08/2023","107.35","107.35","107.35","107.35","","1.75%"
"08/07/2023","105.50","105.50","105.50","105.50","","1.78%"
"08/04/2023","103.65","103.65","103.65","103.65","","1.47%"
"08/03/2023","102.15","102.15","102.15","102.15","","1.49%"
"08/02/2023","100.65","100.65","100.65","100.65","","-0.98%"
"08/01/2023","101.65","101.65","101.65","101.65","","-1.31%"
"07/31/2023","103.00","103.00","103.00","103.00","","10.17%"
"07/28/2023","93.49","93.49","93.49","93.49","","-1.85%"
"07/27/2023","95.25","95.25","95.25","95.25","","-1.19%"
"07/26/2023","96.40","96.40","96.40","96.40","","0.16%"
"07/25/2023","96.25","96.25","96.25","96.25","","0.00%"
"07/24/2023","96.25","96.25","96.25","96.25","","-1.28%"
"07/21/2023","97.50","97.50","97.50","97.50","","0.78%"
"07/20/2023","96.75","96.75","96.75","96.75","","0.26%"
"07/19/2023","96.50","96.50","96.50","96.50","","-0.52%"
"07/18/2023","97.00","97.00","97.00","97.00","","2.97%"
"07/17/2023","94.20","94.20","94.20","94.20","","0.21%"
"07/14/2023","94.00","94.00","94.00","94.00","","1.24%"
"07/13/2023","92.85","92.85","92.85","92.85","","-0.32%"
"07/12/2023","93.15","93.15","93.15","93.15","","-1.27%"
"07/11/2023","94.35","94.35","94.35","94.35","","-5.98%"
"07/10/2023","100.35","100.35","100.35","100.35","","-3.18%"
"07/07/2023","103.65","103.65","103.65","103.65","","-1.75%"
"07/06/2023","105.50","105.50","105.50","105.50","","-2.31%"
"07/05/2023","108.00","108.00","108.00","108.00","","-2.70%"
"07/03/2023","111.00","111.00","111.00","111.00","","11.39%"
"06/30/2023","99.65","99.65","99.65","99.65","","-0.99%"
"06/29/2023","100.65","100.65","100.65","100.65","","0.00%"
"06/28/2023","100.65","100.65","100.65","100.65","","0.00%"
"06/27/2023","100.65","100.65","100.65","100.65","","0.00%"
"06/26/2023","100.65","100.65","100.65","100.65","","-0.94%"
"06/23/2023","101.60","101.60","101.60","101.60","","-0.64%"
"06/22/2023","102.25","102.25","102.25","102.25","","-0.34%"
"06/21/2023","102.60","102.60","102.60","102.60","","-0.29%"
"06/20/2023","102.90","102.90","102.90","102.90","","-1.39%"
"06/16/2023","104.35","104.35","104.35","104.35","","-0.29%"
"06/15/2023","104.65","104.65","104.65","104.65","","-1.27%"
"06/14/2023","106.00","106.00","106.00","106.00","","-0.33%"
"06/13/2023","106.35","106.35","106.35","106.35","","0.81%"
"06/12/2023","105.50","105.50","105.50","105.50","","-0.61%"
"06/09/2023","106.15","106.15","106.15","106.15","","3.41%"
"06/08/2023","102.65","102.65","102.65","102.65","","0.64%"
"06/07/2023","102.00","102.00","102.00","102.00","","1.75%"
"06/06/2023","100.25","100.25","100.25","100.25","","-4.52%"
"06/05/2023","105.00","105.00","105.00","105.00","","5.95%"
"06/02/2023","99.10","99.10","99.10","99.10","","0.87%"
"06/01/2023","98.25","98.25","98.25","98.25","","-1.40%"
"05/31/2023","99.65","99.65","99.65","99.65","","-0.50%"
"05/30/2023","100.15","100.15","100.15","100.15","","-9.57%"
"05/26/2023","110.75","110.75","110.75","110.75","","0.68%"
"05/25/2023","110.00","110.00","110.00","110.00","","0.46%"
"05/24/2023","109.50","109.50","109.50","109.50","","0.46%"
"05/23/2023","109.00","109.00","109.00","109.00","","-0.59%"
"05/22/2023","109.65","109.65","109.65","109.65","","0.00%"
"05/19/2023","109.65","109.65","109.65","109.65","","0.00%"
"05/18/2023","109.65","109.65","109.65","109.65","","-1.35%"
"05/17/2023","111.15","111.15","111.15","111.15","","0.27%"
"05/16/2023","110.85","110.85","110.85","110.85","","-0.14%"
"05/15/2023","111.00","111.00","111.00","111.00","","-1.77%"
"05/12/2023","113.00","113.00","113.00","113.00","","-0.44%"
"05/11/2023","113.50","113.50","113.50","113.50","","-6.66%"
"05/10/2023","121.60","121.60","121.60","121.60","","-2.13%"
"05/09/2023","124.25","124.25","124.25","124.25","","-1.07%"
"05/08/2023","125.60","125.60","125.60","125.60","","0.00%"
"05/05/2023","125.60","125.60","125.60","125.60","","-0.24%"
"05/04/2023","125.90","125.90","125.90","125.90","","-1.33%"
"05/03/2023","127.60","127.60","127.60","127.60","","-1.47%"
"05/02/2023","129.50","129.50","129.50","129.50","","0.19%"
"05/01/2023","129.25","129.25","129.25","129.25","","1.21%"
"04/28/2023","127.71","127.71","127.71","127.71","","-0.50%"
"04/27/2023","128.35","128.35","128.35","128.35","","0.00%"
"04/26/2023","128.35","128.35","128.35","128.35","","0.00%"
"04/25/2023","128.35","128.35","128.35","128.35","","0.27%"
"04/24/2023","128.00","128.00","128.00","128.00","","0.00%"
"04/21/2023","128.00","128.00","128.00","128.00","","0.12%"
"04/20/2023","127.85","127.85","127.85","127.85","","0.27%"
"04/19/2023","127.50","127.50","127.50","127.50","","0.28%"
"04/18/2023","127.15","127.15","127.15","127.15","","0.00%"
"04/17/2023","127.15","127.15","127.15","127.15","","1.84%"
"04/14/2023","124.85","124.85","124.85","124.85","","-5.77%"
"04/13/2023","132.50","132.50","132.50","132.50","","-1.01%"
"04/12/2023","133.85","133.85","133.85","133.85","","-0.11%"
"04/11/2023","134.00","134.00","134.00","134.00","","-0.85%"
"04/10/2023","135.15","135.15","135.15","135.15","","0.00%"
"04/06/2023","135.15","135.15","135.15","135.15","","-1.82%"
"04/05/2023","137.65","137.65","137.65","137.65","","-1.43%"
"04/04/2023","139.65","139.65","139.65","139.65","","-3.02%"
"04/03/2023","144.00","144.00","144.00","144.00","","8.07%"
"03/31/2023","133.25","133.25","133.25","133.25","","0.19%"
"03/30/2023","133.00","133.00","133.00","133.00","","0.00%"
"03/29/2023","133.00","133.00","133.00","133.00","","0.30%"
"03/28/2023","132.60","132.60","132.60","132.60","","0.00%"
"03/27/2023","132.60","132.60","132.60","132.60","","0.08%"
"03/24/2023","132.50","132.50","132.50","132.50","","-0.38%"
"03/23/2023","133.00","133.00","133.00","133.00","","0.00%"
"03/22/2023","133.00","133.00","133.00","133.00","","0.00%"
"03/21/2023","133.00","133.00","133.00","133.00","","1.03%"
"03/20/2023","131.65","131.65","131.65","131.65","","0.38%"
"03/17/2023","131.15","131.15","131.15","131.15","","-1.13%"
"03/16/2023","132.65","132.65","132.65","132.65","","0.11%"
"03/15/2023","132.50","132.50","132.50","132.50","","-1.85%"
"03/14/2023","135.00","135.00","135.00","135.00","","-0.26%"
"03/13/2023","135.35","135.35","135.35","135.35","","1.27%"
"03/10/2023","133.65","133.65","133.65","133.65","","3.09%"
"03/09/2023","129.65","129.65","129.65","129.65","","1.01%"
"03/08/2023","128.35","128.35","128.35","128.35","","0.27%"
"03/07/2023","128.00","128.00","128.00","128.00","","3.23%"
"03/06/2023","124.00","124.00","124.00","124.00","","-6.77%"
"03/03/2023","133.00","133.00","133.00","133.00","","-4.76%"
"03/02/2023","139.65","139.65","139.65","139.65","","-4.58%"
"03/01/2023","146.35","146.35","146.35","146.35","","0.69%"
"02/28/2023","145.35","145.35","145.35","145.35","","-0.45%"
"02/27/2023","146.00","146.00","146.00","146.00","","3.62%"
"02/24/2023","140.90","140.90","140.90","140.90","","-0.88%"
"02/23/2023","142.15","142.15","142.15","142.15","","0.82%"
"02/22/2023","141.00","141.00","141.00","141.00","","-0.70%"
"02/21/2023","142.00","142.00","142.00","142.00","","0.71%"
"02/17/2023","141.00","141.00","141.00","141.00","","-1.40%"
"02/16/2023","143.00","143.00","143.00","143.00","","-0.94%"
"02/15/2023","144.35","144.35","144.35","144.35","","-0.21%"
"02/14/2023","144.65","144.65","144.65","144.65","","0.21%"
"02/13/2023","144.35","144.35","144.35","144.35","","-0.79%"
"02/10/2023","145.50","145.50","145.50","145.50","","2.00%"
"02/09/2023","142.65","142.65","142.65","142.65","","-2.29%"
"02/08/2023","146.00","146.00","146.00","146.00","","-2.89%"
"02/07/2023","150.35","150.35","150.35","150.35","","-4.24%"
"02/06/2023","157.00","157.00","157.00","157.00","","5.26%"
"02/03/2023","149.15","149.15","149.15","149.15","","2.40%"
"02/02/2023","145.65","145.65","145.65","145.65","","1.15%"
"02/01/2023","144.00","144.00","144.00","144.00","","1.41%"
"01/31/2023","142.00","142.00","142.00","142.00","","-3.96%"
"01/30/2023","147.85","147.85","147.85","147.85","","-10.26%"
"01/27/2023","164.75","164.75","164.75","164.75","","4.60%"
"01/26/2023","157.50","157.50","157.50","157.50","","-3.37%"
"01/25/2023","163.00","163.00","163.00","163.00","","-2.98%"
"01/24/2023","168.00","168.00","168.00","168.00","","-1.96%"
"01/23/2023","171.35","171.35","171.35","171.35","","0.00%"
"01/20/2023","171.35","171.35","171.35","171.35","","0.12%"
"01/19/2023","171.15","171.15","171.15","171.15","","1.57%"
"01/18/2023","168.50","168.50","168.50","168.50","","-0.09%"
"01/17/2023","168.65","168.65","168.65","168.65","","-2.15%"
"01/13/2023","172.35","172.35","172.35","172.35","","0.20%"
"01/12/2023","172.00","172.00","172.00","172.00","","2.99%"
"01/11/2023","167.00","167.00","167.00","167.00","","-1.56%"
"01/10/2023","169.65","169.65","169.65","169.65","","-1.08%"
"01/09/2023","171.50","171.50","171.50","171.50","","0.09%"
"01/06/2023","171.35","171.35","171.35","171.35","","-4.81%"
"01/05/2023","180.00","180.00","180.00","180.00","","-2.89%"
"01/04/2023","185.35","185.35","185.35","185.35","","0.73%"
"01/03/2023","184.00","184.00","184.00","184.00","","-11.60%"
"12/30/2022","208.15","208.15","208.15","208.15","","1.54%"
"12/29/2022","205.00","205.00","205.00","205.00","","0.66%"
"12/28/2022","203.65","203.65","203.65","203.65","","-2.09%"
"12/27/2022","208.00","208.00","208.00","208.00","","0.12%"
"12/23/2022","207.75","207.75","207.75","207.75","","0.00%"
"12/22/2022","207.75","207.75","207.75","207.75","","-0.12%"
"12/21/2022","208.00","208.00","208.00","208.00","","-0.95%"
"12/20/2022","210.00","210.00","210.00","210.00","","-1.73%"
"12/19/2022","213.70","213.70","213.70","213.70","","1.11%"
"12/16/2022","211.35","211.35","211.35","211.35","","-7.00%"
"12/15/2022","227.25","227.25","227.25","227.25","","-2.26%"
"12/14/2022","232.50","232.50","232.50","232.50","","0.22%"
"12/13/2022","232.00","232.00","232.00","232.00","","-1.07%"
"12/12/2022","234.50","234.50","234.50","234.50","","-1.68%"
"12/09/2022","238.50","238.50","238.50","238.50","","-0.21%"
"12/08/2022","239.00","239.00","239.00","239.00","","-1.24%"
"12/07/2022","242.00","242.00","242.00","242.00","","-2.02%"
"12/06/2022","247.00","247.00","247.00","247.00","","-0.60%"
"12/05/2022","248.50","248.50","248.50","248.50","","-4.05%"
"12/02/2022","259.00","259.00","259.00","259.00","","2.64%"
"12/01/2022","252.35","252.35","252.35","252.35","","0.54%"
"11/30/2022","251.00","251.00","251.00","251.00","","5.02%"
"11/29/2022","239.00","239.00","239.00","239.00","","0.63%"
"11/28/2022","237.50","237.50","237.50","237.50","0.01K","22.39%"
"11/25/2022","194.05","194.05","194.05","194.05","","-1.25%"
"11/23/2022","196.50","196.50","196.50","196.50","","0.00%"
"11/22/2022","196.50","196.50","196.50","196.50","","-3.32%"
"11/21/2022","203.25","203.25","203.25","203.25","","1.12%"
"11/18/2022","201.00","201.00","201.00","201.00","","3.42%"
"11/17/2022","194.35","194.35","194.35","194.35","","0.36%"
"11/16/2022","193.65","193.65","193.65","193.65","","-2.52%"
"11/15/2022","198.65","198.65","198.65","198.65","","5.86%"
"11/14/2022","187.65","187.65","187.65","187.65","","2.54%"
"11/11/2022","183.00","183.00","183.00","183.00","","-0.27%"
"11/10/2022","183.50","183.50","183.50","183.50","","0.27%"
"11/09/2022","183.00","183.00","183.00","183.00","","-1.80%"
"11/08/2022","186.35","186.35","186.35","186.35","","-5.41%"
"11/07/2022","197.00","197.00","197.00","197.00","","-5.97%"
"11/04/2022","209.50","209.50","209.50","209.50","","-3.46%"
"11/03/2022","217.00","217.00","217.00","217.00","","-4.19%"
"11/02/2022","226.50","226.50","226.50","226.50","","3.83%"
"11/01/2022","218.15","218.15","218.15","218.15","","2.90%"
"10/31/2022","212.00","212.00","212.00","212.00","","-8.86%"
"10/28/2022","232.60","232.60","232.60","232.60","","-2.06%"
"10/27/2022","237.50","237.50","237.50","237.50","","-3.26%"
"10/26/2022","245.50","245.50","245.50","245.50","","0.82%"
"10/25/2022","243.50","243.50","243.50","243.50","","-1.81%"
"10/24/2022","248.00","248.00","248.00","248.00","","0.00%"
"10/21/2022","248.00","248.00","248.00","248.00","","0.00%"
"10/20/2022","248.00","248.00","248.00","248.00","","1.02%"
"10/19/2022","245.50","245.50","245.50","245.50","","-0.35%"
"10/18/2022","246.35","246.35","246.35","246.35","","-0.36%"
"10/17/2022","247.25","247.25","247.25","247.25","","0.37%"
"10/14/2022","246.35","246.35","246.35","246.35","","-2.38%"
"10/13/2022","252.35","252.35","252.35","252.35","","-3.87%"
"10/12/2022","262.50","262.50","262.50","262.50","","6.43%"
"10/11/2022","246.65","246.65","246.65","246.65","","1.50%"
"10/10/2022","243.00","243.00","243.00","243.00","","-1.62%"
"10/07/2022","247.00","247.00","247.00","247.00","","-2.62%"
"10/06/2022","253.65","253.65","253.65","253.65","","-8.76%"
"10/05/2022","278.00","278.00","278.00","278.00","","-5.44%"
"10/04/2022","294.00","294.00","294.00","294.00","","-3.65%"
"10/03/2022","305.15","305.15","305.15","305.15","","3.35%"
"09/30/2022","295.25","295.25","295.25","295.25","","-0.08%"
"09/29/2022","295.50","295.50","295.50","295.50","","-0.17%"
"09/28/2022","296.00","296.00","296.00","296.00","","-0.34%"
"09/27/2022","297.00","297.00","297.00","297.00","","0.51%"
"09/26/2022","295.50","295.50","295.50","295.50","","0.17%"
"09/23/2022","295.00","295.00","295.00","295.00","","-0.17%"
"09/22/2022","295.50","295.50","295.50","295.50","","0.68%"
"09/21/2022","293.50","293.50","293.50","293.50","","0.00%"
"09/20/2022","293.50","293.50","293.50","293.50","","-2.00%"
"09/19/2022","299.50","299.50","299.50","299.50","","0.05%"
"09/16/2022","299.35","299.35","299.35","299.35","","-2.65%"
"09/15/2022","307.50","307.50","307.50","307.50","","0.33%"
"09/14/2022","306.50","306.50","306.50","306.50","","0.33%"
"09/13/2022","305.50","305.50","305.50","305.50","","2.52%"
"09/12/2022","298.00","298.00","298.00","298.00","","-6.19%"
"09/09/2022","317.65","317.65","317.65","317.65","","-4.18%"
"09/08/2022","331.50","331.50","331.50","331.50","","-2.02%"
"09/07/2022","338.35","338.35","338.35","338.35","","-4.33%"
"09/06/2022","353.65","353.65","353.65","353.65","","1.14%"
"09/02/2022","349.65","349.65","349.65","349.65","","-0.53%"
"09/01/2022","351.50","351.50","351.50","351.50","","1.15%"
"08/31/2022","347.50","347.50","347.50","347.50","0.01K","0.04%"
"08/30/2022","347.35","347.35","347.35","347.35","0.05K","-2.15%"
"08/29/2022","355.00","355.00","355.00","355.00","","6.80%"
"08/26/2022","332.40","332.40","332.40","332.40","","-0.63%"
"08/25/2022","334.50","334.50","334.50","334.50","","0.15%"
"08/24/2022","334.00","334.00","334.00","334.00","","-0.30%"
"08/23/2022","335.00","335.00","335.00","335.00","","-0.59%"
"08/22/2022","337.00","337.00","337.00","337.00","","-1.32%"
"08/19/2022","341.50","341.50","341.50","341.50","","1.94%"
"08/18/2022","335.00","335.00","335.00","335.00","","0.60%"
"08/17/2022","333.00","333.00","333.00","333.00","","1.60%"
"08/16/2022","327.75","327.75","327.75","327.75","0.02K","1.99%"
"08/15/2022","321.35","321.35","321.35","321.35","","2.67%"
"08/12/2022","313.00","313.00","313.00","313.00","","-0.48%"
"08/11/2022","314.50","314.50","314.50","314.50","","0.91%"
"08/10/2022","311.65","311.65","311.65","311.65","","3.02%"
"08/09/2022","302.50","302.50","302.50","302.50","","-0.82%"
"08/08/2022","305.00","305.00","305.00","305.00","","3.39%"
"08/05/2022","295.00","295.00","295.00","295.00","","-1.45%"
"08/04/2022","299.35","299.35","299.35","299.35","","-3.64%"
"08/03/2022","310.65","310.65","310.65","310.65","","-3.52%"
"08/02/2022","322.00","322.00","322.00","322.00","0.01K","0.20%"
"08/01/2022","321.35","321.35","321.35","321.35","","-2.27%"
"07/29/2022","328.80","328.80","328.80","328.80","","-0.77%"
"07/28/2022","331.35","331.35","331.35","331.35","","0.30%"
"07/27/2022","330.35","330.35","330.35","330.35","","-3.59%"
"07/26/2022","342.65","342.65","342.65","342.65","","2.18%"
"07/25/2022","335.35","335.35","335.35","335.35","","1.93%"
"07/22/2022","329.00","329.00","329.00","329.00","","-0.60%"
"07/21/2022","331.00","331.00","331.00","331.00","","0.61%"
"07/20/2022","329.00","329.00","329.00","329.00","","-1.98%"
"07/19/2022","335.65","335.65","335.65","335.65","","-2.57%"
"07/18/2022","344.50","344.50","344.50","344.50","","0.00%"
"07/15/2022","344.50","344.50","344.50","344.50","","-2.13%"
"07/14/2022","352.00","352.00","352.00","352.00","","-0.38%"
"07/13/2022","353.35","353.35","353.35","353.35","","-0.51%"
"07/12/2022","355.15","355.15","355.15","355.15","","0.11%"
"07/11/2022","354.75","354.75","354.75","354.75","","0.35%"
"07/08/2022","353.50","353.50","353.50","353.50","","-0.28%"
"07/07/2022","354.50","354.50","354.50","354.50","","1.43%"
"07/06/2022","349.50","349.50","349.50","349.50","","1.01%"
"07/05/2022","346.00","346.00","346.00","346.00","","1.32%"
"07/01/2022","341.50","341.50","341.50","341.50","","-0.34%"
"06/30/2022","342.65","342.65","342.65","342.65","0.01K","1.42%"
"06/29/2022","337.85","337.85","337.85","337.85","0.11K","-0.38%"
"06/28/2022","339.15","339.15","339.15","339.15","","-1.48%"
"06/27/2022","344.25","344.25","344.25","344.25","","5.08%"
"06/24/2022","327.60","327.60","327.60","327.60","","-0.88%"
"06/23/2022","330.50","330.50","330.50","330.50","","-0.05%"
"06/22/2022","330.65","330.65","330.65","330.65","","0.35%"
"06/21/2022","329.50","329.50","329.50","329.50","","1.54%"
"06/17/2022","324.50","324.50","324.50","324.50","","0.78%"
"06/16/2022","322.00","322.00","322.00","322.00","","2.22%"
"06/15/2022","315.00","315.00","315.00","315.00","","0.96%"
"06/14/2022","312.00","312.00","312.00","312.00","","0.32%"
"06/13/2022","311.00","311.00","311.00","311.00","","-0.16%"
"06/10/2022","311.50","311.50","311.50","311.50","","-1.31%"
"06/09/2022","315.65","315.65","315.65","315.65","","-1.05%"
"06/08/2022","319.00","319.00","319.00","319.00","","-1.24%"
"06/07/2022","323.00","323.00","323.00","323.00","","-0.62%"
"06/06/2022","325.00","325.00","325.00","325.00","","-0.46%"
"06/03/2022","326.50","326.50","326.50","326.50","","0.00%"
"06/02/2022","326.50","326.50","326.50","326.50","","0.00%"
"06/01/2022","326.50","326.50","326.50","326.50","","-2.10%"
"05/31/2022","333.50","333.50","333.50","333.50","","3.27%"
"05/27/2022","322.95","322.95","322.95","322.95","","-1.99%"
"05/26/2022","329.50","329.50","329.50","329.50","","0.46%"
"05/25/2022","328.00","328.00","328.00","328.00","","0.15%"
"05/24/2022","327.50","327.50","327.50","327.50","","-1.21%"
"05/23/2022","331.50","331.50","331.50","331.50","","0.64%"
"05/20/2022","329.40","329.40","329.40","329.40","","-0.03%"
"05/19/2022","329.50","329.50","329.50","329.50","","0.61%"
"05/18/2022","327.50","327.50","327.50","327.50","","0.00%"
"05/17/2022","327.50","327.50","327.50","327.50","","-0.86%"
"05/16/2022","330.35","330.35","330.35","330.35","","1.65%"
"05/13/2022","325.00","325.00","325.00","325.00","","-0.76%"
"05/12/2022","327.50","327.50","327.50","327.50","","2.34%"
"05/11/2022","320.00","320.00","320.00","320.00","","2.73%"
"05/10/2022","311.50","311.50","311.50","311.50","","2.13%"
"05/09/2022","305.00","305.00","305.00","305.00","","-1.77%"
"05/06/2022","310.50","310.50","310.50","310.50","","0.16%"
"05/05/2022","310.00","310.00","310.00","310.00","0.02K","3.45%"
"05/04/2022","299.65","299.65","299.65","299.65","0.01K","9.36%"
"05/03/2022","274.00","274.00","274.00","274.00","0.02K","6.20%"
"05/02/2022","258.00","258.00","258.00","258.00","","-12.42%"
"04/29/2022","294.60","294.60","294.60","294.60","","-1.02%"
"04/28/2022","297.65","297.65","297.65","297.65","","-0.12%"
"04/27/2022","298.00","298.00","298.00","298.00","","-0.53%"
"04/26/2022","299.60","299.60","299.60","299.60","","-0.47%"
"04/25/2022","301.00","301.00","301.00","301.00","","-0.99%"
"04/22/2022","304.00","304.00","304.00","304.00","","-2.05%"
"04/21/2022","310.35","310.35","310.35","310.35","","0.11%"
"04/20/2022","310.00","310.00","310.00","310.00","","1.36%"
"04/19/2022","305.85","305.85","305.85","305.85","","0.16%"
"04/18/2022","305.35","305.35","305.35","305.35","","0.00%"
"04/14/2022","305.35","305.35","305.35","305.35","","-1.18%"
"04/13/2022","309.00","309.00","309.00","309.00","","0.44%"
"04/12/2022","307.65","307.65","307.65","307.65","","8.71%"
"04/11/2022","283.00","283.00","283.00","283.00","","0.84%"
"04/08/2022","280.65","280.65","280.65","280.65","","3.69%"
"04/07/2022","270.65","270.65","270.65","270.65","","-2.47%"
"04/06/2022","277.50","277.50","277.50","277.50","","4.91%"
"04/05/2022","264.50","264.50","264.50","264.50","","5.53%"
"04/04/2022","250.65","250.65","250.65","250.65","","-0.93%"
"04/01/2022","253.00","253.00","253.00","253.00","","-0.98%"
"03/31/2022","255.50","255.50","255.50","255.50","","1.13%"
"03/30/2022","252.65","252.65","252.65","252.65","","-1.02%"
"03/29/2022","255.25","255.25","255.25","255.25","","-0.58%"
"03/28/2022","256.75","256.75","256.75","256.75","0.05K","-23.51%"
"03/25/2022","335.65","335.65","335.65","335.65","","0.49%"
"03/24/2022","334.00","334.00","334.00","334.00","","-0.49%"
"03/23/2022","335.65","335.65","335.65","335.65","","0.80%"
"03/22/2022","333.00","333.00","333.00","333.00","","0.41%"
"03/21/2022","331.65","331.65","331.65","331.65","","-5.91%"
"03/18/2022","352.50","352.50","352.50","352.50","","11.90%"
"03/17/2022","315.00","315.00","315.00","315.00","","-2.07%"
"03/16/2022","321.65","321.65","321.65","321.65","","-6.77%"
"03/15/2022","345.00","345.00","345.00","345.00","","-9.21%"
"03/14/2022","380.00","380.00","380.00","380.00","","1.33%"
"03/11/2022","375.00","375.00","375.00","375.00","","-0.27%"
"03/10/2022","376.00","376.00","376.00","376.00","","-11.53%"
"03/09/2022","425.00","425.00","425.00","425.00","","-3.77%"
"03/08/2022","441.65","441.65","441.65","441.65","","4.53%"
"03/07/2022","422.50","422.50","422.50","422.50","","1.81%"
"03/04/2022","415.00","415.00","415.00","415.00","","18.57%"
"03/03/2022","350.00","350.00","350.00","350.00","0.02K","-18.60%"
"03/02/2022","430.00","430.00","430.00","430.00","","38.42%"
"03/01/2022","310.65","310.65","310.65","310.65","","18.80%"
"02/28/2022","261.50","261.50","261.50","261.50","","26.94%"
"02/25/2022","206.00","206.00","206.00","206.00","","2.23%"
"02/24/2022","201.50","201.50","201.50","201.50","","0.75%"
"02/23/2022","200.00","200.00","200.00","200.00","","0.76%"
"02/22/2022","198.50","198.50","198.50","198.50","","2.06%"
"02/18/2022","194.50","194.50","194.50","194.50","","-0.77%"
"02/17/2022","196.00","196.00","196.00","196.00","","-1.01%"
"02/16/2022","198.00","198.00","198.00","198.00","","0.76%"
"02/15/2022","196.50","196.50","196.50","196.50","","-0.25%"
"02/14/2022","197.00","197.00","197.00","197.00","","0.64%"
"02/11/2022","195.75","195.75","195.75","195.75","","0.38%"
"02/10/2022","195.00","195.00","195.00","195.00","","0.59%"
"02/09/2022","193.85","193.85","193.85","193.85","","0.31%"
"02/08/2022","193.25","193.25","193.25","193.25","","2.25%"
"02/07/2022","189.00","189.00","189.00","189.00","","3.42%"
"02/04/2022","182.75","182.75","182.75","182.75","","3.84%"
"02/03/2022","176.00","176.00","176.00","176.00","","0.57%"
"02/02/2022","175.00","175.00","175.00","175.00","","1.74%"
"02/01/2022","172.00","172.00","172.00","172.00","","-1.15%"
"01/31/2022","174.00","174.00","174.00","174.00","","0.93%"
"01/28/2022","172.40","172.40","172.40","172.40","","-0.92%"
"01/27/2022","174.00","174.00","174.00","174.00","","0.49%"
"01/26/2022","173.15","173.15","173.15","173.15","","-0.20%"
"01/25/2022","173.50","173.50","173.50","173.50","","-1.70%"
"01/24/2022","176.50","176.50","176.50","176.50","","1.58%"
"01/21/2022","173.75","173.75","173.75","173.75","","1.46%"
"01/20/2022","171.25","171.25","171.25","171.25","","0.15%"
"01/19/2022","171.00","171.00","171.00","171.00","","-0.29%"
"01/18/2022","171.50","171.50","171.50","171.50","","3.78%"
"01/14/2022","165.25","165.25","165.25","165.25","","0.85%"
"01/13/2022","163.85","163.85","163.85","163.85","","3.05%"
"01/12/2022","159.00","159.00","159.00","159.00","","1.27%"
"01/11/2022","157.00","157.00","157.00","157.00","","0.32%"
"01/10/2022","156.50","156.50","156.50","156.50","","4.16%"
"01/07/2022","150.25","150.25","150.25","150.25","","-3.53%"
"01/06/2022","155.75","155.75","155.75","155.75","","12.25%"
"01/05/2022","138.75","138.75","138.75","138.75","","5.51%"
"01/04/2022","131.50","131.50","131.50","131.50","","10.04%"
"01/03/2022","119.50","119.50","119.50","119.50","","-12.00%"
"12/31/2021","135.80","135.80","135.80","135.80","","-1.77%"
"12/30/2021","138.25","138.25","138.25","138.25","","14.26%"
"12/29/2021","121.00","121.00","121.00","121.00","","-14.18%"
"12/28/2021","141.00","141.00","141.00","141.00","","0.36%"
"12/27/2021","140.50","140.50","140.50","140.50","","0.00%"
"12/23/2021","140.50","140.50","140.50","140.50","","-0.81%"
"12/22/2021","141.65","141.65","141.65","141.65","","0.21%"
"12/21/2021","141.35","141.35","141.35","141.35","","-0.81%"
"12/20/2021","142.50","142.50","142.50","142.50","","-0.28%"
"12/17/2021","142.90","142.90","142.90","142.90","","2.18%"
"12/16/2021","139.85","139.85","139.85","139.85","","1.60%"
"12/15/2021","137.65","137.65","137.65","137.65","","-1.50%"
"12/14/2021","139.75","139.75","139.75","139.75","","1.53%"
"12/13/2021","137.65","137.65","137.65","137.65","","1.40%"
"12/10/2021","135.75","135.75","135.75","135.75","","0.56%"
"12/09/2021","135.00","135.00","135.00","135.00","","1.20%"
"12/08/2021","133.40","133.40","133.40","133.40","","1.83%"
"12/07/2021","131.00","131.00","131.00","131.00","","0.85%"
"12/06/2021","129.90","129.90","129.90","129.90","","0.19%"
"12/03/2021","129.65","129.65","129.65","129.65","","-2.52%"
"12/02/2021","133.00","133.00","133.00","133.00","","0.76%"
"12/01/2021","132.00","132.00","132.00","132.00","","11.63%"
"11/30/2021","118.25","118.25","118.25","118.25","","-12.31%"
"11/29/2021","134.85","134.85","134.85","134.85","","-0.27%"
"11/26/2021","135.22","135.22","135.22","135.22","","-3.35%"
"11/24/2021","139.90","139.90","139.90","139.90","","0.11%"
"11/23/2021","139.75","139.75","139.75","139.75","","1.01%"
"11/22/2021","138.35","138.35","138.35","138.35","","1.36%"
"11/19/2021","136.50","136.50","136.50","136.50","","0.63%"
"11/18/2021","135.65","135.65","135.65","135.65","","3.16%"
"11/17/2021","131.50","131.50","131.50","131.50","0.02K","1.15%"
"11/16/2021","130.00","130.00","130.00","130.00","","0.19%"
"11/15/2021","129.75","129.75","129.75","129.75","","-0.19%"
"11/12/2021","130.00","130.00","130.00","130.00","","-4.94%"
"11/11/2021","136.75","136.75","136.75","136.75","","-1.97%"
"11/10/2021","139.50","139.50","139.50","139.50","","-4.45%"
"11/09/2021","146.00","146.00","146.00","146.00","","-2.01%"
"11/08/2021","149.00","149.00","149.00","149.00","","3.65%"
"11/05/2021","143.75","143.75","143.75","143.75","","-0.86%"
"11/04/2021","145.00","145.00","145.00","145.00","0.03K","4.69%"
"11/03/2021","138.50","138.50","138.50","138.50","0.11K","14.94%"
"11/02/2021","120.50","120.50","120.50","120.50","0.03K","-7.24%"
"11/01/2021","129.90","129.90","129.90","129.90","","-38.14%"
"10/29/2021","210.00","210.00","210.00","210.00","","-4.70%"
"10/28/2021","220.35","220.35","220.35","220.35","","0.16%"
"10/27/2021","220.00","220.00","220.00","220.00","","0.00%"
"10/26/2021","220.00","220.00","220.00","220.00","","0.00%"
"10/25/2021","220.00","220.00","220.00","220.00","","2.09%"
"10/22/2021","215.50","215.50","215.50","215.50","","-0.53%"
"10/21/2021","216.65","216.65","216.65","216.65","","-3.50%"
"10/20/2021","224.50","224.50","224.50","224.50","","-0.62%"
"10/19/2021","225.90","225.90","225.90","225.90","","0.00%"
"10/18/2021","225.90","225.90","225.90","225.90","","-0.64%"
"10/15/2021","227.35","227.35","227.35","227.35","","-1.69%"
"10/14/2021","231.25","231.25","231.25","231.25","","-0.04%"
"10/13/2021","231.35","231.35","231.35","231.35","","0.48%"
"10/12/2021","230.25","230.25","230.25","230.25","","-0.28%"
"10/11/2021","230.90","230.90","230.90","230.90","","4.17%"
"10/08/2021","221.65","221.65","221.65","221.65","0.01K","2.31%"
"10/07/2021","216.65","216.65","216.65","216.65","","3.66%"
"10/06/2021","209.00","209.00","209.00","209.00","","-12.18%"
"10/05/2021","238.00","238.00","238.00","238.00","","12.32%"
"10/04/2021","211.90","211.90","211.90","211.90","","0.00%"
"10/01/2021","211.90","211.90","211.90","211.90","","5.74%"
"09/30/2021","200.40","200.40","200.40","200.40","0.02K","3.54%"
"09/29/2021","193.55","193.55","193.55","193.55","0.01K","0.99%"
"09/28/2021","191.65","191.65","191.65","191.65","","4.13%"
"09/27/2021","184.05","184.05","184.05","184.05","0.01K","18.13%"
"09/24/2021","155.80","155.80","155.80","155.80","","0.52%"
"09/23/2021","155.00","155.00","155.00","155.00","","-0.26%"
"09/22/2021","155.40","155.40","155.40","155.40","","0.58%"
"09/21/2021","154.50","154.50","154.50","154.50","","0.10%"
"09/20/2021","154.35","154.35","154.35","154.35","","-0.42%"
"09/17/2021","155.00","155.00","155.00","155.00","","1.21%"
"09/16/2021","153.15","153.15","153.15","153.15","","-0.71%"
"09/15/2021","154.25","154.25","154.25","154.25","","-0.10%"
"09/14/2021","154.40","154.40","154.40","154.40","","-0.16%"
"09/13/2021","154.65","154.65","154.65","154.65","","0.52%"
"09/10/2021","153.85","153.85","153.85","153.85","","0.26%"
"09/09/2021","153.45","153.45","153.45","153.45","","0.85%"
"09/08/2021","152.15","152.15","152.15","152.15","","0.00%"
"09/07/2021","152.15","152.15","152.15","152.15","","-0.81%"
"09/03/2021","153.40","153.40","153.40","153.40","","0.36%"
"09/02/2021","152.85","152.85","152.85","152.85","","1.46%"
"09/01/2021","150.65","150.65","150.65","150.65","","2.07%"
"08/31/2021","147.60","147.60","147.60","147.60","0.01K","2.93%"
"08/30/2021","143.40","143.40","143.40","143.40","","3.88%"
"08/27/2021","138.05","138.05","138.05","138.05","","-0.14%"
"08/26/2021","138.25","138.25","138.25","138.25","","-0.47%"
"08/25/2021","138.90","138.90","138.90","138.90","","0.11%"
"08/24/2021","138.75","138.75","138.75","138.75","","0.18%"
"08/23/2021","138.50","138.50","138.50","138.50","","0.80%"
"08/20/2021","137.40","137.40","137.40","137.40","","-0.61%"
"08/19/2021","138.25","138.25","138.25","138.25","","0.25%"
"08/18/2021","137.90","137.90","137.90","137.90","","0.18%"
"08/17/2021","137.65","137.65","137.65","137.65","","-0.25%"
"08/16/2021","138.00","138.00","138.00","138.00","","0.40%"
"08/13/2021","137.45","137.45","137.45","137.45","","0.22%"
"08/12/2021","137.15","137.15","137.15","137.15","","0.22%"
"08/11/2021","136.85","136.85","136.85","136.85","","0.44%"
"08/10/2021","136.25","136.25","136.25","136.25","","0.29%"
"08/09/2021","135.85","135.85","135.85","135.85","","0.07%"
"08/06/2021","135.75","135.75","135.75","135.75","0.03K","1.08%"
"08/05/2021","134.30","134.30","134.30","134.30","","0.49%"
"08/04/2021","133.65","133.65","133.65","133.65","","0.68%"
"08/03/2021","132.75","132.75","132.75","132.75","","0.19%"
"08/02/2021","132.50","132.50","132.50","132.50","","8.30%"
"07/30/2021","122.35","122.35","122.35","122.35","","-0.08%"
"07/29/2021","122.45","122.45","122.45","122.45","","-0.41%"
"07/28/2021","122.95","122.95","122.95","122.95","","0.00%"
"07/27/2021","122.95","122.95","122.95","122.95","","-0.16%"
"07/26/2021","123.15","123.15","123.15","123.15","","0.16%"
"07/23/2021","122.95","122.95","122.95","122.95","","0.00%"
"07/22/2021","122.95","122.95","122.95","122.95","0.01K","0.00%"
"07/21/2021","122.95","122.95","122.95","122.95","","0.04%"
"07/20/2021","122.90","122.90","122.90","122.90","","-0.61%"
"07/19/2021","123.65","123.65","123.65","123.65","","0.61%"
"07/16/2021","122.90","122.90","122.90","122.90","","1.53%"
"07/15/2021","121.05","121.05","121.05","121.05","0.03K","1.00%"
"07/14/2021","119.85","119.85","119.85","119.85","","-0.33%"
"07/13/2021","120.25","120.25","120.25","120.25","0.05K","1.91%"
"07/12/2021","118.00","118.00","118.00","118.00","","0.43%"
"07/09/2021","117.50","117.50","117.50","117.50","","0.00%"
"07/08/2021","117.50","117.50","117.50","117.50","","0.43%"
"07/07/2021","117.00","117.00","117.00","117.00","","-0.09%"
"07/06/2021","117.10","117.10","117.10","117.10","","-0.55%"
"07/02/2021","117.75","117.75","117.75","117.75","","0.43%"
"07/01/2021","117.25","117.25","117.25","117.25","","1.82%"
"06/30/2021","115.15","115.15","115.15","115.15","0.01K","1.14%"
"06/29/2021","113.85","113.85","113.85","113.85","","-0.26%"
"06/28/2021","114.15","114.15","114.15","114.15","","-1.13%"
"06/25/2021","115.45","115.45","115.45","115.45","","-0.52%"
"06/24/2021","116.05","116.05","116.05","116.05","","0.00%"
"06/23/2021","116.05","116.05","116.05","116.05","","0.00%"
"06/22/2021","116.05","116.05","116.05","116.05","","0.87%"
"06/21/2021","115.05","115.05","115.05","115.05","","0.39%"
"06/18/2021","114.60","114.60","114.60","114.60","","0.39%"
"06/17/2021","114.15","114.15","114.15","114.15","","0.00%"
"06/16/2021","114.15","114.15","114.15","114.15","","-0.13%"
"06/15/2021","114.30","114.30","114.30","114.30","","-0.74%"
"06/14/2021","115.15","115.15","115.15","115.15","","-0.48%"
"06/11/2021","115.70","115.70","115.70","115.70","","0.04%"
"06/10/2021","115.65","115.65","115.65","115.65","","-0.86%"
"06/09/2021","116.65","116.65","116.65","116.65","","0.21%"
"06/08/2021","116.40","116.40","116.40","116.40","","2.19%"
"06/07/2021","113.90","113.90","113.90","113.90","","2.24%"
"06/04/2021","111.40","111.40","111.40","111.40","","-1.20%"
"06/03/2021","112.75","112.75","112.75","112.75","","0.89%"
"06/02/2021","111.75","111.75","111.75","111.75","","0.09%"
"06/01/2021","111.65","111.65","111.65","111.65","","5.93%"
"05/28/2021","105.40","105.40","105.40","105.40","","0.24%"
"05/27/2021","105.15","105.15","105.15","105.15","","0.00%"
"05/26/2021","105.15","105.15","105.15","105.15","","0.57%"
"05/25/2021","104.55","104.55","104.55","104.55","","0.48%"
"05/24/2021","104.05","104.05","104.05","104.05","","0.73%"
"05/21/2021","103.30","103.30","103.30","103.30","","0.00%"
"05/20/2021","103.30","103.30","103.30","103.30","","1.37%"
"05/19/2021","101.90","101.90","101.90","101.90","","-0.73%"
"05/18/2021","102.65","102.65","102.65","102.65","","0.64%"
"05/17/2021","102.00","102.00","102.00","102.00","","-1.11%"
"05/14/2021","103.15","103.15","103.15","103.15","","-0.67%"
"05/13/2021","103.85","103.85","103.85","103.85","","1.22%"
"05/12/2021","102.60","102.60","102.60","102.60","","1.74%"
"05/11/2021","100.85","100.85","100.85","100.85","","0.70%"
"05/10/2021","100.15","100.15","100.15","100.15","","0.75%"
"05/07/2021","99.40","99.40","99.40","99.40","","-0.25%"
"05/06/2021","99.65","99.65","99.65","99.65","","3.00%"
"05/05/2021","96.75","96.75","96.75","96.75","","1.68%"
"05/04/2021","95.15","95.15","95.15","95.15","","1.76%"
"05/03/2021","93.50","93.50","93.50","93.50","","0.27%"
"04/30/2021","93.25","93.25","93.25","93.25","","0.27%"
"04/29/2021","93.00","93.00","93.00","93.00","","0.16%"
"04/28/2021","92.85","92.85","92.85","92.85","","0.00%"
"04/27/2021","92.85","92.85","92.85","92.85","","0.27%"
"04/26/2021","92.60","92.60","92.60","92.60","","-0.38%"
"04/23/2021","92.95","92.95","92.95","92.95","","-0.16%"
"04/22/2021","93.10","93.10","93.10","93.10","","-0.48%"
"04/21/2021","93.55","93.55","93.55","93.55","","0.00%"
"04/20/2021","93.55","93.55","93.55","93.55","","-0.37%"
"04/19/2021","93.90","93.90","93.90","93.90","","-0.48%"
"04/16/2021","94.35","94.35","94.35","94.35","","2.06%"
"04/15/2021","92.45","92.45","92.45","92.45","","-1.81%"
"04/14/2021","94.15","94.15","94.15","94.15","","-0.74%"
"04/13/2021","94.85","94.85","94.85","94.85","","0.37%"
"04/12/2021","94.50","94.50","94.50","94.50","","-0.68%"
"04/09/2021","95.15","95.15","95.15","95.15","","-0.57%"
"04/08/2021","95.70","95.70","95.70","95.70","0.01K","-1.85%"
"04/07/2021","97.50","97.50","97.50","97.50","","0.52%"
"04/06/2021","97.00","97.00","97.00","97.00","","0.00%"
"04/05/2021","97.00","97.00","97.00","97.00","","0.00%"
"04/01/2021","97.00","97.00","97.00","97.00","","0.00%"
"03/31/2021","97.00","97.00","97.00","97.00","","2.37%"
"03/30/2021","94.75","94.75","94.75","94.75","","-0.26%"
"03/29/2021","95.00","95.00","95.00","95.00","","0.26%"
"03/26/2021","94.75","94.75","94.75","94.75","","0.26%"
"03/25/2021","94.50","94.50","94.50","94.50","","0.00%"
"03/24/2021","94.50","94.50","94.50","94.50","","0.00%"
"03/23/2021","94.50","94.50","94.50","94.50","","-0.05%"
"03/22/2021","94.55","94.55","94.55","94.55","","0.42%"
"03/19/2021","94.15","94.15","94.15","94.15","","0.59%"
"03/18/2021","93.60","93.60","93.60","93.60","","0.81%"
"03/17/2021","92.85","92.85","92.85","92.85","0.03K","1.48%"
"03/16/2021","91.50","91.50","91.50","91.50","","0.49%"
"03/15/2021","91.05","91.05","91.05","91.05","","1.05%"
"03/12/2021","90.10","90.10","90.10","90.10","","1.41%"
"03/11/2021","88.85","88.85","88.85","88.85","","1.25%"
"03/10/2021","87.75","87.75","87.75","87.75","","0.29%"
"03/09/2021","87.50","87.50","87.50","87.50","","0.11%"
"03/08/2021","87.40","87.40","87.40","87.40","","-0.11%"
"03/05/2021","87.50","87.50","87.50","87.50","","0.06%"
"03/04/2021","87.45","87.45","87.45","87.45","0.01K","-1.30%"
"03/03/2021","88.60","88.60","88.60","88.60","","0.97%"
"03/02/2021","87.75","87.75","87.75","87.75","0.01K","2.45%"
"03/01/2021","85.65","85.65","85.65","85.65","0.01K","-1.83%"
"02/26/2021","87.25","87.25","87.25","87.25","","-0.68%"
"02/25/2021","87.85","87.85","87.85","87.85","","0.00%"
"02/24/2021","87.85","87.85","87.85","87.85","","-0.11%"
"02/23/2021","87.95","87.95","87.95","87.95","","-0.34%"
"02/22/2021","88.25","88.25","88.25","88.25","","-0.68%"
"02/19/2021","88.85","88.85","88.85","88.85","","0.23%"
"02/18/2021","88.65","88.65","88.65","88.65","","-0.11%"
"02/17/2021","88.75","88.75","88.75","88.75","","-0.22%"
"02/16/2021","88.95","88.95","88.95","88.95","","0.23%"
"02/12/2021","88.75","88.75","88.75","88.75","","0.11%"
"02/11/2021","88.65","88.65","88.65","88.65","0.01K","0.45%"
"02/10/2021","88.25","88.25","88.25","88.25","","0.86%"
"02/09/2021","87.50","87.50","87.50","87.50","","0.17%"
"02/08/2021","87.35","87.35","87.35","87.35","","1.10%"
"02/05/2021","86.40","86.40","86.40","86.40","","1.77%"
"02/04/2021","84.90","84.90","84.90","84.90","","3.66%"
"02/03/2021","81.90","81.90","81.90","81.90","","-0.43%"
"02/02/2021","82.25","82.25","82.25","82.25","","-1.20%"
"02/01/2021","83.25","83.25","83.25","83.25","","-7.96%"
"01/29/2021","90.45","90.45","90.45","90.45","","-0.60%"
"01/28/2021","91.00","91.00","91.00","91.00","","0.05%"
"01/27/2021","90.95","90.95","90.95","90.95","","0.00%"
"01/26/2021","90.95","90.95","90.95","90.95","","0.33%"
"01/25/2021","90.65","90.65","90.65","90.65","","-0.11%"
"01/22/2021","90.75","90.75","90.75","90.75","","-0.27%"
"01/21/2021","91.00","91.00","91.00","91.00","","0.00%"
"01/20/2021","91.00","91.00","91.00","91.00","","-0.44%"
"01/19/2021","91.40","91.40","91.40","91.40","0.00K","-0.65%"
"01/15/2021","92.00","92.00","92.00","92.00","0.00K","-0.16%"
"01/14/2021","92.15","92.15","92.15","92.15","","-1.23%"
"01/13/2021","93.30","93.30","93.30","93.30","0.00K","-0.16%"
"01/12/2021","93.45","93.45","93.45","93.45","","3.49%"
"01/11/2021","90.30","90.30","90.30","90.30","","0.61%"
"01/08/2021","89.75","89.75","89.75","89.75","0.02K","0.84%"
"01/07/2021","89.00","89.00","89.00","89.00","0.00K","3.49%"
"01/06/2021","86.00","86.00","86.00","86.00","","0.17%"
"01/05/2021","85.85","85.85","85.85","85.85","","-0.58%"
"01/04/2021","86.35","86.35","86.35","86.35","","-4.43%"
"12/29/2020","90.35","90.35","90.35","90.35","","0.00%"
"12/28/2020","90.35","90.35","90.35","90.35","","0.00%"
"12/24/2020","90.35","90.35","90.35","90.35","","0.33%"
"12/23/2020","90.05","90.05","90.05","90.05","","0.06%"
"12/22/2020","90.00","90.00","90.00","90.00","","0.00%"
"12/21/2020","90.00","90.00","90.00","90.00","","0.00%"
"12/18/2020","90.00","90.00","90.00","90.00","","0.28%"
"12/17/2020","89.75","89.75","89.75","89.75","","-0.11%"
"12/16/2020","89.85","89.85","89.85","89.85","","0.00%"
"12/15/2020","89.85","89.85","89.85","89.85","","2.10%"
"12/14/2020","88.00","88.00","88.00","88.00","","0.69%"
"12/11/2020","87.40","87.40","87.40","87.40","0.02K","6.00%"
"12/10/2020","82.45","82.45","82.45","82.45","0.02K","2.49%"
"12/09/2020","80.45","80.45","80.45","80.45","","0.31%"
"12/08/2020","80.20","80.20","80.20","80.20","0.01K","-1.96%"
"12/07/2020","81.80","81.80","81.80","81.80","","-2.62%"
"12/04/2020","84.00","84.00","84.00","84.00","","-0.65%"
"12/03/2020","84.55","84.55","84.55","84.55","0.01K","-0.18%"
"12/02/2020","84.70","84.70","84.70","84.70","0.07K","0.77%"
"12/01/2020","84.05","84.05","84.05","84.05","","0.06%"
"11/30/2020","84.00","84.00","84.00","84.00","0.01K","21.83%"
"11/27/2020","68.95","68.95","68.95","68.95","","0.00%"
"11/25/2020","68.95","68.95","68.95","68.95","","0.44%"
"11/24/2020","68.65","68.65","68.65","68.65","","0.37%"
"11/23/2020","68.40","68.40","68.40","68.40","","0.88%"
"11/20/2020","67.80","67.80","67.80","67.80","","0.44%"
"11/19/2020","67.50","67.50","67.50","67.50","","0.67%"
"11/18/2020","67.05","67.05","67.05","67.05","","0.22%"
"11/17/2020","66.90","66.90","66.90","66.90","","0.15%"
"11/16/2020","66.80","66.80","66.80","66.80","","-0.30%"
"11/13/2020","67.00","67.00","67.00","67.00","","0.00%"
"11/12/2020","67.00","67.00","67.00","67.00","","1.36%"
"11/11/2020","66.10","66.10","66.10","66.10","","1.23%"
"11/10/2020","65.30","65.30","65.30","65.30","0.02K","1.87%"
"11/09/2020","64.10","64.10","64.10","64.10","","2.23%"
"11/06/2020","62.70","62.70","62.70","62.70","0.02K","0.97%"
"11/05/2020","62.10","62.10","62.10","62.10","","1.06%"
"11/04/2020","61.45","61.45","61.45","61.45","","0.33%"
"11/03/2020","61.25","61.25","61.25","61.25","","0.57%"
"11/02/2020","60.90","60.90","60.90","60.90","","2.87%"
"10/30/2020","59.20","59.20","59.20","59.20","","-0.08%"
"10/29/2020","59.25","59.25","59.25","59.25","","-0.34%"
"10/28/2020","59.45","59.45","59.45","59.45","","-0.08%"
"10/27/2020","59.50","59.50","59.50","59.50","","0.59%"
"10/26/2020","59.15","59.15","59.15","59.15","","-0.08%"
"10/23/2020","59.20","59.20","59.20","59.20","","0.34%"
"10/22/2020","59.00","59.00","59.00","59.00","","0.43%"
"10/21/2020","58.75","58.75","58.75","58.75","","-0.42%"
"10/20/2020","59.00","59.00","59.00","59.00","","-0.42%"
"10/19/2020","59.25","59.25","59.25","59.25","","-0.08%"
"10/16/2020","59.30","59.30","59.30","59.30","","0.17%"
"10/15/2020","59.20","59.20","59.20","59.20","","-0.17%"
"10/14/2020","59.30","59.30","59.30","59.30","","-0.08%"
"10/13/2020","59.35","59.35","59.35","59.35","","-0.08%"
"10/12/2020","59.40","59.40","59.40","59.40","","-1.74%"
"10/09/2020","60.45","60.45","60.45","60.45","0.01K","-0.49%"
"10/08/2020","60.75","60.75","60.75","60.75","","0.25%"
"10/07/2020","60.60","60.60","60.60","60.60","0.01K","-0.33%"
"10/06/2020","60.80","60.80","60.80","60.80","0.02K","-1.06%"
"10/05/2020","61.45","61.45","61.45","61.45","0.01K","0.08%"
"10/02/2020","61.40","61.40","61.40","61.40","","-0.81%"
"10/01/2020","61.90","61.90","61.90","61.90","0.04K","-0.64%"
"09/30/2020","62.30","62.30","62.30","62.30","0.01K","-1.11%"
"09/29/2020","63.00","63.00","63.00","63.00","","-1.10%"
"09/28/2020","63.70","63.70","63.70","63.70","","11.66%"
"09/25/2020","57.05","57.05","57.05","57.05","","-0.35%"
"09/24/2020","57.25","57.25","57.25","57.25","","0.09%"
"09/23/2020","57.20","57.20","57.20","57.20","0.04K","0.62%"
"09/22/2020","56.85","56.85","56.85","56.85","","0.09%"
"09/21/2020","56.80","56.80","56.80","56.80","","0.18%"
"09/18/2020","56.70","56.70","56.70","56.70","","0.00%"
"09/17/2020","56.70","56.70","56.70","56.70","","0.18%"
"09/16/2020","56.60","56.60","56.60","56.60","","0.00%"
"09/15/2020","56.60","56.60","56.60","56.60","","-0.18%"
"09/14/2020","56.70","56.70","56.70","56.70","","-0.44%"
"09/11/2020","56.95","56.95","56.95","56.95","","0.53%"
"09/10/2020","56.65","56.65","56.65","56.65","","0.71%"
"09/09/2020","56.25","56.25","56.25","56.25","","0.36%"
"09/08/2020","56.05","56.05","56.05","56.05","","-1.41%"
"09/04/2020","56.85","56.85","56.85","56.85","","-0.96%"
"09/03/2020","57.40","57.40","57.40","57.40","0.04K","-0.52%"
"09/02/2020","57.70","57.70","57.70","57.70","","-1.54%"
"09/01/2020","58.60","58.60","58.60","58.60","","1.21%"
"08/31/2020","57.90","57.90","57.90","57.90","","5.08%"
"08/28/2020","55.10","55.10","55.10","55.10","","0.09%"
"08/27/2020","55.05","55.05","55.05","55.05","","0.00%"
"08/26/2020","55.05","55.05","55.05","55.05","","0.09%"
"08/25/2020","55.00","55.00","55.00","55.00","","-0.81%"
"08/24/2020","55.45","55.45","55.45","55.45","","-0.09%"
"08/21/2020","55.50","55.50","55.50","55.50","0.05K","-0.27%"
"08/20/2020","55.65","55.65","55.65","55.65","","-0.09%"
"08/19/2020","55.70","55.70","55.70","55.70","","-0.09%"
"08/18/2020","55.75","55.75","55.75","55.75","","0.18%"
"08/17/2020","55.65","55.65","55.65","55.65","0.10K","0.45%"
"08/14/2020","55.40","55.40","55.40","55.40","","2.03%"
"08/13/2020","54.30","54.30","54.30","54.30","","0.28%"
"08/12/2020","54.15","54.15","54.15","54.15","0.02K","-0.28%"
"08/11/2020","54.30","54.30","54.30","54.30","","-0.28%"
"08/10/2020","54.45","54.45","54.45","54.45","0.01K","-0.55%"
"08/07/2020","54.75","54.75","54.75","54.75","0.01K","0.64%"
"08/06/2020","54.40","54.40","54.40","54.40","0.02K","-1.81%"
"08/05/2020","55.40","55.40","55.40","55.40","0.01K","-1.16%"
"08/04/2020","56.05","56.05","56.05","56.05","0.01K","-0.62%"
"08/03/2020","56.40","56.40","56.40","56.40","","5.52%"
"07/31/2020","53.45","53.45","53.45","53.45","","-0.56%"
"07/30/2020","53.75","53.75","53.75","53.75","","-0.09%"
"07/29/2020","53.80","53.80","53.80","53.80","","-0.55%"
"07/28/2020","54.10","54.10","54.10","54.10","","0.46%"
"07/27/2020","53.85","53.85","53.85","53.85","","-0.65%"
"07/24/2020","54.20","54.20","54.20","54.20","","-0.46%"
"07/23/2020","54.45","54.45","54.45","54.45","","-0.09%"
"07/22/2020","54.50","54.50","54.50","54.50","","-0.46%"
"07/21/2020","54.75","54.75","54.75","54.75","","-0.09%"
"07/20/2020","54.80","54.80","54.80","54.80","","-0.27%"
"07/17/2020","54.95","54.95","54.95","54.95","","0.37%"
"07/16/2020","54.75","54.75","54.75","54.75","","-0.27%"
"07/15/2020","54.90","54.90","54.90","54.90","","0.73%"
"07/14/2020","54.50","54.50","54.50","54.50","","0.55%"
"07/13/2020","54.20","54.20","54.20","54.20","","0.37%"
"07/10/2020","54.00","54.00","54.00","54.00","","0.09%"
"07/09/2020","53.95","53.95","53.95","53.95","","-1.46%"
"07/08/2020","54.75","54.75","54.75","54.75","","-0.45%"
"07/07/2020","55.00","55.00","55.00","55.00","0.01K","-0.36%"
"07/06/2020","55.20","55.20","55.20","55.20","0.01K","0.55%"
"07/02/2020","54.90","54.90","54.90","54.90","","1.20%"
"07/01/2020","54.25","54.25","54.25","54.25","0.02K","-0.73%"
"06/30/2020","54.65","54.65","54.65","54.65","0.02K","-1.80%"
"06/29/2020","55.65","55.65","55.65","55.65","0.01K","1.74%"
"06/26/2020","54.70","54.70","54.70","54.70","","-1.88%"
"06/25/2020","55.75","55.75","55.75","55.75","","0.00%"
"06/24/2020","55.75","55.75","55.75","55.75","","0.00%"
"06/23/2020","55.75","55.75","55.75","55.75","","-0.18%"
"06/22/2020","55.85","55.85","55.85","55.85","","-0.27%"
"06/19/2020","56.00","56.00","56.00","56.00","0.01K","0.18%"
"06/18/2020","55.90","55.90","55.90","55.90","","0.09%"
"06/17/2020","55.85","55.85","55.85","55.85","","-0.89%"
"06/16/2020","56.35","56.35","56.35","56.35","0.01K","-0.79%"
"06/15/2020","56.80","56.80","56.80","56.80","","-0.26%"
"06/12/2020","56.95","56.95","56.95","56.95","","0.53%"
"06/11/2020","56.65","56.65","56.65","56.65","","-0.18%"
"06/10/2020","56.75","56.75","56.75","56.75","","-2.74%"
"06/09/2020","58.35","58.35","58.35","58.35","","-1.93%"
"06/08/2020","59.50","59.50","59.50","59.50","","-0.25%"
"06/05/2020","59.65","59.65","59.65","59.65","0.02K","-0.25%"
"06/04/2020","59.80","59.80","59.80","59.80","","-1.81%"
"06/03/2020","60.90","60.90","60.90","60.90","","0.50%"
"06/02/2020","60.60","60.60","60.60","60.60","","1.17%"
"06/01/2020","59.90","59.90","59.90","59.90","0.01K","13.13%"
"05/29/2020","52.95","52.95","52.95","52.95","","-1.12%"
"05/28/2020","53.55","53.55","53.55","53.55","","0.09%"
"05/27/2020","53.50","53.50","53.50","53.50","","0.28%"
"05/26/2020","53.35","53.35","53.35","53.35","","-0.28%"
"05/22/2020","53.50","53.50","53.50","53.50","","-0.47%"
"05/21/2020","53.75","53.75","53.75","53.75","","-0.19%"
"05/20/2020","53.85","53.85","53.85","53.85","","1.41%"
"05/19/2020","53.10","53.10","53.10","53.10","","0.19%"
"05/18/2020","53.00","53.00","53.00","53.00","","-0.84%"
"05/15/2020","53.45","53.45","53.45","53.45","","0.66%"
"05/14/2020","53.10","53.10","53.10","53.10","","0.66%"
"05/13/2020","52.75","52.75","52.75","52.75","","0.00%"
"05/12/2020","52.75","52.75","52.75","52.75","","-0.94%"
"05/11/2020","53.25","53.25","53.25","53.25","","0.00%"
"05/08/2020","53.25","53.25","53.25","53.25","","0.00%"
"05/07/2020","53.25","53.25","53.25","53.25","","1.43%"
"05/06/2020","52.50","52.50","52.50","52.50","","0.48%"
"05/05/2020","52.25","52.25","52.25","52.25","","2.45%"
"05/04/2020","51.00","51.00","51.00","51.00","","-3.13%"
"05/01/2020","52.65","52.65","52.65","52.65","0.02K","-0.09%"
"04/30/2020","52.70","52.70","52.70","52.70","0.15K","3.84%"
"04/29/2020","50.75","50.75","50.75","50.75","","2.73%"
"04/28/2020","49.40","49.40","49.40","49.40","0.06K","1.33%"
"04/27/2020","48.75","48.75","48.75","48.75","","-14.02%"
"04/24/2020","56.70","56.70","56.70","56.70","","-0.53%"
"04/23/2020","57.00","57.00","57.00","57.00","","0.18%"
"04/22/2020","56.90","56.90","56.90","56.90","","0.18%"
"04/21/2020","56.80","56.80","56.80","56.80","","-0.18%"
"04/20/2020","56.90","56.90","56.90","56.90","0.03K","-2.74%"
"04/17/2020","58.50","58.50","58.50","58.50","0.01K","-1.60%"
"04/16/2020","59.45","59.45","59.45","59.45","","2.15%"
"04/15/2020","58.20","58.20","58.20","58.20","","-0.68%"
"04/14/2020","58.60","58.60","58.60","58.60","","-2.74%"
"04/13/2020","60.25","60.25","60.25","60.25","","0.00%"
"04/09/2020","60.25","60.25","60.25","60.25","","-0.50%"
"04/08/2020","60.55","60.55","60.55","60.55","","-6.12%"
"04/07/2020","64.50","64.50","64.50","64.50","","-2.49%"
"04/06/2020","66.15","66.15","66.15","66.15","","-0.90%"
"04/03/2020","66.75","66.75","66.75","66.75","","-1.11%"
"04/02/2020","67.50","67.50","67.50","67.50","0.01K","-6.51%"
"04/01/2020","72.20","72.20","72.20","72.20","","-1.77%"
"03/31/2020","73.50","73.50","73.50","73.50","0.01K","7.93%"
"03/30/2020","68.10","68.10","68.10","68.10","0.01K","4.37%"
"03/27/2020","65.25","65.25","65.25","65.25","","1.95%"
"03/26/2020","64.00","64.00","64.00","64.00","","0.79%"
"03/25/2020","63.50","63.50","63.50","63.50","","2.01%"
"03/24/2020","62.25","62.25","62.25","62.25","","-0.08%"
"03/23/2020","62.30","62.30","62.30","62.30","","-1.89%"
"03/20/2020","63.50","63.50","63.50","63.50","","0.95%"
"03/19/2020","62.90","62.90","62.90","62.90","","-2.48%"
"03/18/2020","64.50","64.50","64.50","64.50","0.02K","-1.00%"
"03/17/2020","65.15","65.15","65.15","65.15","","-0.46%"
"03/16/2020","65.45","65.45","65.45","65.45","","-0.76%"
"03/13/2020","65.95","65.95","65.95","65.95","","0.00%"
"03/12/2020","65.95","65.95","65.95","65.95","0.02K","-1.42%"
"03/11/2020","66.90","66.90","66.90","66.90","0.01K","2.45%"
"03/10/2020","65.30","65.30","65.30","65.30","","0.00%"
"03/09/2020","65.30","65.30","65.30","65.30","0.01K","-2.54%"
"03/06/2020","67.00","67.00","67.00","67.00","","-3.74%"
"03/05/2020","69.60","69.60","69.60","69.60","","-2.66%"
"03/04/2020","71.50","71.50","71.50","71.50","0.01K","-2.19%"
"03/03/2020","73.10","73.10","73.10","73.10","0.01K","-1.68%"
"03/02/2020","74.35","74.35","74.35","74.35","","-9.93%"
"02/28/2020","82.55","82.55","82.55","82.55","","-0.30%"
"02/27/2020","82.80","82.80","82.80","82.80","","-0.12%"
"02/26/2020","82.90","82.90","82.90","82.90","0.01K","-0.12%"
"02/25/2020","83.00","83.00","83.00","83.00","0.01K","-0.12%"
"02/24/2020","83.10","83.10","83.10","83.10","","-0.24%"
"02/21/2020","83.30","83.30","83.30","83.30","","-0.24%"
"02/20/2020","83.50","83.50","83.50","83.50","","-0.60%"
"02/19/2020","84.00","84.00","84.00","84.00","","-0.30%"
"02/18/2020","84.25","84.25","84.25","84.25","","-0.77%"
"02/14/2020","84.90","84.90","84.90","84.90","0.02K","-0.12%"
"02/13/2020","85.00","85.00","85.00","85.00","","-0.06%"
"02/12/2020","85.05","85.05","85.05","85.05","","-0.23%"
"02/11/2020","85.25","85.25","85.25","85.25","0.01K","0.59%"
"02/10/2020","84.75","84.75","84.75","84.75","0.01K","1.92%"
"02/07/2020","83.15","83.15","83.15","83.15","0.06K","-1.83%"
"02/06/2020","84.70","84.70","84.70","84.70","0.01K","-0.35%"
"02/05/2020","85.00","85.00","85.00","85.00","0.01K","1.61%"
"02/04/2020","83.65","83.65","83.65","83.65","0.05K","3.91%"
"02/03/2020","80.50","80.50","80.50","80.50","0.05K","-6.61%"
"01/31/2020","86.20","86.20","86.20","86.20","","0.00%"
"01/30/2020","86.20","86.20","86.20","86.20","","-0.40%"
"01/29/2020","86.55","86.55","86.55","86.55","","0.29%"
"01/28/2020","86.30","86.30","86.30","86.30","","0.12%"
"01/27/2020","86.20","86.20","86.20","86.20","","-0.52%"
"01/24/2020","86.65","86.65","86.65","86.65","","0.06%"
"01/23/2020","86.60","86.60","86.60","86.60","","0.12%"
"01/22/2020","86.50","86.50","86.50","86.50","","0.00%"
"01/21/2020","86.50","86.50","86.50","86.50","","-0.57%"
"01/17/2020","87.00","87.00","87.00","87.00","","0.29%"
"01/16/2020","86.75","86.75","86.75","86.75","","0.87%"
"01/15/2020","86.00","86.00","86.00","86.00","","-1.09%"
"01/14/2020","86.95","86.95","86.95","86.95","0.01K","-4.35%"
"01/13/2020","90.90","90.90","90.90","90.90","","-1.94%"
"01/10/2020","92.70","92.70","92.70","92.70","0.02K","6.61%"
"01/09/2020","86.95","86.95","86.95","86.95","","1.58%"
"01/08/2020","85.60","85.60","85.60","85.60","0.01K","0.59%"
"01/07/2020","85.10","85.10","85.10","85.10","0.02K","3.91%"
"01/06/2020","81.90","81.90","81.90","81.90","0.03K","2.25%"
"01/03/2020","80.10","80.10","80.10","80.10","0.05K","0.25%"
"01/02/2020","79.90","79.90","79.90","79.90","0.02K","0.19%"
"12/31/2019","79.75","79.75","79.75","79.75","0.02K","1.14%"
"12/30/2019","78.85","78.85","78.85","78.85","0.01K","-6.19%"
"12/27/2019","84.05","84.05","84.05","84.05","","2.13%"
"12/26/2019","82.30","82.30","82.30","82.30","","0.00%"
"12/24/2019","82.30","82.30","82.30","82.30","","0.00%"
"12/23/2019","82.30","82.30","82.30","82.30","","0.00%"
"12/20/2019","82.30","82.30","82.30","82.30","","0.06%"
"12/19/2019","82.25","82.25","82.25","82.25","","0.00%"
"12/18/2019","82.25","82.25","82.25","82.25","0.01K","0.06%"
"12/17/2019","82.20","82.20","82.20","82.20","0.02K","0.61%"
"12/16/2019","81.70","81.70","81.70","81.70","","0.06%"
"12/13/2019","81.65","81.65","81.65","81.65","","-0.31%"
"12/12/2019","81.90","81.90","81.90","81.90","","-0.43%"
"12/11/2019","82.25","82.25","82.25","82.25","","-0.06%"
"12/10/2019","82.30","82.30","82.30","82.30","0.01K","0.37%"
"12/09/2019","82.00","82.00","82.00","82.00","0.03K","0.00%"
"12/06/2019","82.00","82.00","82.00","82.00","","-0.61%"
"12/05/2019","82.50","82.50","82.50","82.50","","0.61%"
"12/04/2019","82.00","82.00","82.00","82.00","0.15K","-1.20%"
"12/03/2019","83.00","83.00","83.00","83.00","","0.24%"
"12/02/2019","82.80","82.80","82.80","82.80","","9.16%"
"11/29/2019","75.85","75.85","75.85","75.85","","0.00%"
"11/27/2019","75.85","75.85","75.85","75.85","","0.13%"
"11/26/2019","75.75","75.75","75.75","75.75","","0.00%"
"11/25/2019","75.75","75.75","75.75","75.75","","-0.39%"
"11/22/2019","76.05","76.05","76.05","76.05","","0.13%"
"11/21/2019","75.95","75.95","75.95","75.95","","0.60%"
"11/20/2019","75.50","75.50","75.50","75.50","","1.34%"
"11/19/2019","74.50","74.50","74.50","74.50","","1.78%"
"11/18/2019","73.20","73.20","73.20","73.20","","2.23%"
"11/15/2019","71.60","71.60","71.60","71.60","","1.13%"
"11/14/2019","70.80","70.80","70.80","70.80","","0.57%"
"11/13/2019","70.40","70.40","70.40","70.40","","-0.14%"
"11/12/2019","70.50","70.50","70.50","70.50","","0.57%"
"11/11/2019","70.10","70.10","70.10","70.10","","1.52%"
"11/08/2019","69.05","69.05","69.05","69.05","","-0.36%"
"11/07/2019","69.30","69.30","69.30","69.30","","0.07%"
"11/06/2019","69.25","69.25","69.25","69.25","","0.29%"
"11/05/2019","69.05","69.05","69.05","69.05","0.01K","0.95%"
"11/04/2019","68.40","68.40","68.40","68.40","0.03K","0.96%"
"11/01/2019","67.75","67.75","67.75","67.75","","1.35%"
"10/31/2019","66.85","66.85","66.85","66.85","0.01K","1.21%"
"10/30/2019","66.05","66.05","66.05","66.05","0.06K","-0.53%"
"10/29/2019","66.40","66.40","66.40","66.40","","-0.30%"
"10/28/2019","66.60","66.60","66.60","66.60","","-1.48%"
"10/25/2019","67.60","67.60","67.60","67.60","","0.00%"
"10/24/2019","67.60","67.60","67.60","67.60","","0.00%"
"10/23/2019","67.60","67.60","67.60","67.60","","-0.15%"
"10/22/2019","67.70","67.70","67.70","67.70","","-0.07%"
"10/21/2019","67.75","67.75","67.75","67.75","","0.89%"
"10/18/2019","67.15","67.15","67.15","67.15","0.06K","-0.07%"
"10/17/2019","67.20","67.20","67.20","67.20","0.01K","0.52%"
"10/16/2019","66.85","66.85","66.85","66.85","0.04K","0.15%"
"10/15/2019","66.75","66.75","66.75","66.75","","0.07%"
"10/14/2019","66.70","66.70","66.70","66.70","0.00K","0.60%"
"10/11/2019","66.30","66.30","66.30","66.30","","0.23%"
"10/10/2019","66.15","66.15","66.15","66.15","","-0.60%"
"10/09/2019","66.55","66.55","66.55","66.55","0.05K","-0.22%"
"10/08/2019","66.70","66.70","66.70","66.70","","1.68%"
"10/07/2019","65.60","65.60","65.60","65.60","0.01K","3.31%"
"10/04/2019","63.50","63.50","63.50","63.50","0.01K","2.34%"
"10/03/2019","62.05","62.05","62.05","62.05","0.01K","0.00%"
"10/02/2019","62.05","62.05","62.05","62.05","0.01K","-1.04%"
"10/01/2019","62.70","62.70","62.70","62.70","","-0.71%"
"09/30/2019","63.15","63.15","63.15","63.15","0.03K","6.05%"
"09/27/2019","59.55","59.55","59.55","59.55","","-0.75%"
"09/26/2019","60.00","60.00","60.00","60.00","","0.00%"
"09/25/2019","60.00","60.00","60.00","60.00","","-0.17%"
"09/24/2019","60.10","60.10","60.10","60.10","","0.17%"
"09/23/2019","60.00","60.00","60.00","60.00","","-0.74%"
"09/20/2019","60.45","60.45","60.45","60.45","","0.33%"
"09/19/2019","60.25","60.25","60.25","60.25","","-0.33%"
"09/18/2019","60.45","60.45","60.45","60.45","","-0.66%"
"09/17/2019","60.85","60.85","60.85","60.85","","-0.33%"
"09/16/2019","61.05","61.05","61.05","61.05","","1.58%"
"09/13/2019","60.10","60.10","60.10","60.10","","0.17%"
"09/12/2019","60.00","60.00","60.00","60.00","","0.25%"
"09/11/2019","59.85","59.85","59.85","59.85","","-1.07%"
"09/10/2019","60.50","60.50","60.50","60.50","","2.20%"
"09/09/2019","59.20","59.20","59.20","59.20","0.05K","-1.09%"
"09/06/2019","59.85","59.85","59.85","59.85","0.04K","-2.13%"
"09/05/2019","61.15","61.15","61.15","61.15","0.01K","0.25%"
"09/04/2019","61.00","61.00","61.00","61.00","0.01K","0.08%"
"09/03/2019","60.95","60.95","60.95","60.95","0.04K","2.87%"
"08/30/2019","59.25","59.25","59.25","59.25","","-0.25%"
"08/29/2019","59.40","59.40","59.40","59.40","","-0.08%"
"08/28/2019","59.45","59.45","59.45","59.45","","-0.34%"
"08/27/2019","59.65","59.65","59.65","59.65","","-0.25%"
"08/26/2019","59.80","59.80","59.80","59.80","","0.00%"
"08/23/2019","59.80","59.80","59.80","59.80","","0.08%"
"08/22/2019","59.75","59.75","59.75","59.75","","-0.42%"
"08/21/2019","60.00","60.00","60.00","60.00","","0.00%"
"08/20/2019","60.00","60.00","60.00","60.00","","0.33%"
"08/19/2019","59.80","59.80","59.80","59.80","","0.50%"
"08/16/2019","59.50","59.50","59.50","59.50","","-0.58%"
"08/15/2019","59.85","59.85","59.85","59.85","","-0.83%"
"08/14/2019","60.35","60.35","60.35","60.35","","-0.25%"
"08/13/2019","60.50","60.50","60.50","60.50","","-0.08%"
"08/12/2019","60.55","60.55","60.55","60.55","","0.33%"
"08/09/2019","60.35","60.35","60.35","60.35","0.01K","0.50%"
"08/08/2019","60.05","60.05","60.05","60.05","0.02K","0.92%"
"08/07/2019","59.50","59.50","59.50","59.50","","-0.83%"
"08/06/2019","60.00","60.00","60.00","60.00","0.03K","-3.30%"
"08/05/2019","62.05","62.05","62.05","62.05","","-1.59%"
"08/02/2019","63.05","63.05","63.05","63.05","0.03K","-1.25%"
"08/01/2019","63.85","63.85","63.85","63.85","","0.39%"
"07/31/2019","63.60","63.60","63.60","63.60","0.01K","-1.32%"
"07/30/2019","64.45","64.45","64.45","64.45","0.03K","-0.39%"
"07/29/2019","64.70","64.70","64.70","64.70","","-1.52%"
"07/26/2019","65.70","65.70","65.70","65.70","","-0.15%"
"07/25/2019","65.80","65.80","65.80","65.80","","0.08%"
"07/24/2019","65.75","65.75","65.75","65.75","","-0.08%"
"07/23/2019","65.80","65.80","65.80","65.80","","0.00%"
"07/22/2019","65.80","65.80","65.80","65.80","","-0.30%"
"07/19/2019","66.00","66.00","66.00","66.00","","0.46%"
"07/18/2019","65.70","65.70","65.70","65.70","","0.69%"
"07/17/2019","65.25","65.25","65.25","65.25","0.01K","1.24%"
"07/16/2019","64.45","64.45","64.45","64.45","0.02K","-0.77%"
"07/15/2019","64.95","64.95","64.95","64.95","0.02K","-1.44%"
"07/12/2019","65.90","65.90","65.90","65.90","","-0.60%"
"07/11/2019","66.30","66.30","66.30","66.30","","0.53%"
"07/10/2019","65.95","65.95","65.95","65.95","0.03K","0.46%"
"07/09/2019","65.65","65.65","65.65","65.65","0.01K","-2.01%"
"07/08/2019","67.00","67.00","67.00","67.00","","-0.07%"
"07/05/2019","67.05","67.05","67.05","67.05","0.13K","3.00%"
"07/03/2019","65.10","65.10","65.10","65.10","","0.62%"
"07/02/2019","64.70","64.70","64.70","64.70","0.07K","1.41%"
"07/01/2019","63.80","63.80","63.80","63.80","0.01K","1.03%"
"06/28/2019","63.15","63.15","63.15","63.15","","0.24%"
"06/27/2019","63.00","63.00","63.00","63.00","","0.00%"
"06/26/2019","63.00","63.00","63.00","63.00","","-0.08%"
"06/25/2019","63.05","63.05","63.05","63.05","","-0.08%"
"06/24/2019","63.10","63.10","63.10","63.10","","-0.16%"
"06/21/2019","63.20","63.20","63.20","63.20","","0.32%"
"06/20/2019","63.00","63.00","63.00","63.00","","1.45%"
"06/19/2019","62.10","62.10","62.10","62.10","","0.49%"
"06/18/2019","61.80","61.80","61.80","61.80","","-0.32%"
"06/17/2019","62.00","62.00","62.00","62.00","0.01K","-1.27%"
"06/14/2019","62.80","62.80","62.80","62.80","","-0.71%"
"06/13/2019","63.25","63.25","63.25","63.25","","-0.71%"
"06/12/2019","63.70","63.70","63.70","63.70","0.01K","-2.97%"
"06/11/2019","65.65","65.65","65.65","65.65","","0.08%"
"06/10/2019","65.60","65.60","65.60","65.60","","1.86%"
"06/07/2019","64.40","64.40","64.40","64.40","","1.34%"
"06/06/2019","63.55","63.55","63.55","63.55","","2.25%"
"06/05/2019","62.15","62.15","62.15","62.15","","0.32%"
"06/04/2019","61.95","61.95","61.95","61.95","0.02K","1.56%"
"06/03/2019","61.00","61.00","61.00","61.00","","-7.79%"
"05/31/2019","66.15","66.15","66.15","66.15","","-0.75%"
"05/30/2019","66.65","66.65","66.65","66.65","","0.00%"
"05/29/2019","66.65","66.65","66.65","66.65","0.01K","-0.52%"
"05/28/2019","67.00","67.00","67.00","67.00","","-0.52%"
"05/24/2019","67.35","67.35","67.35","67.35","","0.15%"
"05/23/2019","67.25","67.25","67.25","67.25","","-0.74%"
"05/22/2019","67.75","67.75","67.75","67.75","","0.15%"
"05/21/2019","67.65","67.65","67.65","67.65","0.01K","-0.15%"
"05/20/2019","67.75","67.75","67.75","67.75","","-0.51%"
"05/17/2019","68.10","68.10","68.10","68.10","","-0.66%"
"05/16/2019","68.55","68.55","68.55","68.55","","-0.29%"
"05/15/2019","68.75","68.75","68.75","68.75","","-1.43%"
"05/14/2019","69.75","69.75","69.75","69.75","","-0.14%"
"05/13/2019","69.85","69.85","69.85","69.85","0.01K","-2.44%"
"05/10/2019","71.60","71.60","71.60","71.60","","-0.56%"
"05/09/2019","72.00","72.00","72.00","72.00","0.05K","-0.41%"
"05/08/2019","72.30","72.30","72.30","72.30","0.04K","0.42%"
"05/07/2019","72.00","72.00","72.00","72.00","0.02K","-0.55%"
"05/06/2019","72.40","72.40","72.40","72.40","","0.00%"
"05/03/2019","72.40","72.40","72.40","72.40","","0.35%"
"05/02/2019","72.15","72.15","72.15","72.15","","0.77%"
"05/01/2019","71.60","71.60","71.60","71.60","","0.85%"
"04/30/2019","71.00","71.00","71.00","71.00","0.01K","0.35%"
"04/29/2019","70.75","70.75","70.75","70.75","0.01K","3.13%"
"04/26/2019","68.60","68.60","68.60","68.60","","-0.94%"
"04/25/2019","69.25","69.25","69.25","69.25","","0.14%"
"04/24/2019","69.15","69.15","69.15","69.15","","-0.29%"
"04/23/2019","69.35","69.35","69.35","69.35","","0.22%"
"04/22/2019","69.20","69.20","69.20","69.20","","0.00%"
"04/18/2019","69.20","69.20","69.20","69.20","","-0.29%"
"04/17/2019","69.40","69.40","69.40","69.40","","0.43%"
"04/16/2019","69.10","69.10","69.10","69.10","","0.14%"
"04/15/2019","69.00","69.00","69.00","69.00","0.01K","-1.08%"
"04/12/2019","69.75","69.75","69.75","69.75","","-0.36%"
"04/11/2019","70.00","70.00","70.00","70.00","","-0.64%"
"04/10/2019","70.45","70.45","70.45","70.45","","-0.77%"
"04/09/2019","71.00","71.00","71.00","71.00","0.03K","0.71%"
"04/08/2019","70.50","70.50","70.50","70.50","0.02K","1.22%"
"04/05/2019","69.65","69.65","69.65","69.65","0.03K","1.75%"
"04/04/2019","68.45","68.45","68.45","68.45","","2.78%"
"04/03/2019","66.60","66.60","66.60","66.60","0.06K","-1.99%"
"04/02/2019","67.95","67.95","67.95","67.95","0.01K","-2.86%"
"04/01/2019","69.95","69.95","69.95","69.95","0.04K","-7.29%"
"03/29/2019","75.45","75.45","75.45","75.45","","-2.20%"
"03/28/2019","77.15","77.15","77.15","77.15","","-0.19%"
"03/27/2019","77.30","77.30","77.30","77.30","","0.13%"
"03/26/2019","77.20","77.20","77.20","77.20","","-0.26%"
"03/25/2019","77.40","77.40","77.40","77.40","","0.06%"
"03/22/2019","77.35","77.35","77.35","77.35","","-0.26%"
"03/21/2019","77.55","77.55","77.55","77.55","","-0.51%"
"03/20/2019","77.95","77.95","77.95","77.95","","0.00%"
"03/19/2019","77.95","77.95","77.95","77.95","","-0.38%"
"03/18/2019","78.25","78.25","78.25","78.25","","-0.06%"
"03/15/2019","78.30","78.30","78.30","78.30","","-0.57%"
"03/14/2019","78.75","78.75","78.75","78.75","0.01K","-0.13%"
"03/13/2019","78.85","78.85","78.85","78.85","","-0.50%"
"03/12/2019","79.25","79.25","79.25","79.25","0.02K","0.25%"
"03/11/2019","79.05","79.05","79.05","79.05","","-0.69%"
"03/08/2019","79.60","79.60","79.60","79.60","","-1.67%"
"03/07/2019","80.95","80.95","80.95","80.95","0.01K","-1.04%"
"03/06/2019","81.80","81.80","81.80","81.80","0.01K","-2.15%"
"03/05/2019","83.60","83.60","83.60","83.60","0.01K","-0.30%"
"03/04/2019","83.85","83.85","83.85","83.85","","-0.06%"
"03/01/2019","83.90","83.90","83.90","83.90","0.01K","-0.12%"
"02/28/2019","84.00","84.00","84.00","84.00","0.01K","0.00%"
"02/27/2019","84.00","84.00","84.00","84.00","0.03K","0.24%"
"02/26/2019","83.80","83.80","83.80","83.80","0.06K","-0.71%"
"02/25/2019","84.40","84.40","84.40","84.40","0.02K","2.61%"
"02/22/2019","82.25","82.25","82.25","82.25","","-0.48%"
"02/21/2019","82.65","82.65","82.65","82.65","","-0.12%"
"02/20/2019","82.75","82.75","82.75","82.75","","0.06%"
"02/19/2019","82.70","82.70","82.70","82.70","","-0.18%"
"02/15/2019","82.85","82.85","82.85","82.85","","0.36%"
"02/14/2019","82.55","82.55","82.55","82.55","0.03K","-1.02%"
"02/13/2019","83.40","83.40","83.40","83.40","0.03K","0.12%"
"02/12/2019","83.30","83.30","83.30","83.30","0.02K","-1.42%"
"02/11/2019","84.50","84.50","84.50","84.50","0.02K","-0.82%"
"02/08/2019","85.20","85.20","85.20","85.20","0.01K","-0.99%"
"02/07/2019","86.05","86.05","86.05","86.05","0.06K","-0.64%"
"02/06/2019","86.60","86.60","86.60","86.60","0.02K","-0.46%"
"02/05/2019","87.00","87.00","87.00","87.00","0.01K","-0.74%"
"02/04/2019","87.65","87.65","87.65","87.65","0.13K","-0.11%"
"02/01/2019","87.75","87.75","87.75","87.75","0.08K","-1.96%"
"01/31/2019","89.50","89.50","89.50","89.50","0.07K","-0.94%"
"01/30/2019","90.35","90.35","90.35","90.35","0.04K","-0.28%"
"01/29/2019","90.60","90.60","90.60","90.60","0.02K","-0.06%"
"01/28/2019","90.65","90.65","90.65","90.65","0.06K","-0.55%"
"01/25/2019","91.15","91.15","91.15","91.15","0.00K","0.00%"
"01/24/2019","91.15","91.15","91.15","91.15","","-0.27%"
"01/23/2019","91.40","91.40","91.40","91.40","","-0.11%"
"01/22/2019","91.50","91.50","91.50","91.50","0.01K","-0.92%"
"01/18/2019","92.35","92.35","92.35","92.35","0.01K","-0.38%"
"01/17/2019","92.70","92.70","92.70","92.70","0.02K","0.27%"
"01/16/2019","92.45","92.45","92.45","92.45","0.03K","0.93%"
"01/15/2019","91.60","91.60","91.60","91.60","0.00K","0.16%"
"01/14/2019","91.45","91.45","91.45","91.45","0.03K","-0.05%"
"01/11/2019","91.50","91.50","91.50","91.50","","0.11%"
"01/10/2019","91.40","91.40","91.40","91.40","0.02K","-0.11%"
"01/09/2019","91.50","91.50","91.50","91.50","0.04K","0.27%"
"01/08/2019","91.25","91.25","91.25","91.25","","-0.38%"
"01/07/2019","91.60","91.60","91.60","91.60","0.01K","-1.03%"
"01/04/2019","92.55","92.55","92.55","92.55","0.01K","-0.38%"
"01/03/2019","92.90","92.90","92.90","92.90","","-1.80%"
"01/02/2019","94.60","94.60","94.60","94.60","","-1.71%"